ticker,records,first_date,last_date,ten_calendar_year_span,symbol_filename_is_numeric
A,598,2024-01-02,2026-05-20,False,False
AAPL,598,2024-01-02,2026-05-20,False,False
ABBV,598,2024-01-02,2026-05-20,False,False
ABNB,598,2024-01-02,2026-05-20,False,False
ABT,598,2024-01-02,2026-05-20,False,False
ACGL,598,2024-01-02,2026-05-20,False,False
ACN,598,2024-01-02,2026-05-20,False,False
ADBE,598,2024-01-02,2026-05-20,False,False
ADI,598,2024-01-02,2026-05-20,False,False
ADM,598,2024-01-02,2026-05-20,False,False
ADP,598,2024-01-02,2026-05-20,False,False
ADSK,598,2024-01-02,2026-05-20,False,False
AEE,598,2024-01-02,2026-05-20,False,False
AEP,598,2024-01-02,2026-05-20,False,False
AES,598,2024-01-02,2026-05-20,False,False
AFL,598,2024-01-02,2026-05-20,False,False
AIG,598,2024-01-02,2026-05-20,False,False
AIZ,598,2024-01-02,2026-05-20,False,False
AJG,598,2024-01-02,2026-05-20,False,False
AKAM,598,2024-01-02,2026-05-20,False,False
ALB,598,2024-01-02,2026-05-20,False,False
ALGN,598,2024-01-02,2026-05-20,False,False
ALL,598,2024-01-02,2026-05-20,False,False
ALLE,598,2024-01-02,2026-05-20,False,False
AMAT,598,2024-01-02,2026-05-20,False,False
AMCR,598,2024-01-02,2026-05-20,False,False
AMD,598,2024-01-02,2026-05-20,False,False
AME,598,2024-01-02,2026-05-20,False,False
AMGN,598,2024-01-02,2026-05-20,False,False
AMP,598,2024-01-02,2026-05-20,False,False
AMT,598,2024-01-02,2026-05-20,False,False
AMZN,598,2024-01-02,2026-05-20,False,False
ANET,598,2024-01-02,2026-05-20,False,False
AON,598,2024-01-02,2026-05-20,False,False
AOS,598,2024-01-02,2026-05-20,False,False
APA,598,2024-01-02,2026-05-20,False,False
APD,598,2024-01-02,2026-05-20,False,False
APH,598,2024-01-02,2026-05-20,False,False
APO,598,2024-01-02,2026-05-20,False,False
APP,598,2024-01-02,2026-05-20,False,False
APTV,598,2024-01-02,2026-05-20,False,False
ARE,598,2024-01-02,2026-05-20,False,False
ARES,598,2024-01-02,2026-05-20,False,False
ATO,598,2024-01-02,2026-05-20,False,False
AVB,598,2024-01-02,2026-05-20,False,False
AVGO,598,2024-01-02,2026-05-20,False,False
AVY,598,2024-01-02,2026-05-20,False,False
AWK,598,2024-01-02,2026-05-20,False,False
AXON,598,2024-01-02,2026-05-20,False,False
AXP,598,2024-01-02,2026-05-20,False,False
AZO,598,2024-01-02,2026-05-20,False,False
BA,598,2024-01-02,2026-05-20,False,False
BAC,598,2024-01-02,2026-05-20,False,False
BALL,598,2024-01-02,2026-05-20,False,False
BAX,598,2024-01-02,2026-05-20,False,False
BBY,598,2024-01-02,2026-05-20,False,False
BDX,598,2024-01-02,2026-05-20,False,False
BEN,598,2024-01-02,2026-05-20,False,False
BG,598,2024-01-02,2026-05-20,False,False
BIIB,598,2024-01-02,2026-05-20,False,False
BK,598,2024-01-02,2026-05-20,False,False
BKNG,598,2024-01-02,2026-05-20,False,False
BKR,598,2024-01-02,2026-05-20,False,False
BLDR,598,2024-01-02,2026-05-20,False,False
BLK,598,2024-01-02,2026-05-20,False,False
BMY,598,2024-01-02,2026-05-20,False,False
BR,598,2024-01-02,2026-05-20,False,False
BRO,598,2024-01-02,2026-05-20,False,False
BSX,598,2024-01-02,2026-05-20,False,False
BX,598,2024-01-02,2026-05-20,False,False
BXP,598,2024-01-02,2026-05-20,False,False
C,598,2024-01-02,2026-05-20,False,False
CAG,598,2024-01-02,2026-05-20,False,False
CAH,598,2024-01-02,2026-05-20,False,False
CARR,598,2024-01-02,2026-05-20,False,False
CASY,598,2024-01-02,2026-05-20,False,False
CAT,598,2024-01-02,2026-05-20,False,False
CB,598,2024-01-02,2026-05-20,False,False
CBOE,598,2024-01-02,2026-05-20,False,False
CBRE,598,2024-01-02,2026-05-20,False,False
CCI,598,2024-01-02,2026-05-20,False,False
CCL,598,2024-01-02,2026-05-20,False,False
CDNS,598,2024-01-02,2026-05-20,False,False
CDW,598,2024-01-02,2026-05-20,False,False
CEG,598,2024-01-02,2026-05-20,False,False
CF,598,2024-01-02,2026-05-20,False,False
CFG,598,2024-01-02,2026-05-20,False,False
CHD,598,2024-01-02,2026-05-20,False,False
CHRW,598,2024-01-02,2026-05-20,False,False
CHTR,598,2024-01-02,2026-05-20,False,False
CI,598,2024-01-02,2026-05-20,False,False
CIEN,598,2024-01-02,2026-05-20,False,False
CINF,598,2024-01-02,2026-05-20,False,False
CL,598,2024-01-02,2026-05-20,False,False
CLX,598,2024-01-02,2026-05-20,False,False
CMCSA,598,2024-01-02,2026-05-20,False,False
CME,598,2024-01-02,2026-05-20,False,False
CMG,598,2024-01-02,2026-05-20,False,False
CMI,598,2024-01-02,2026-05-20,False,False
CMS,598,2024-01-02,2026-05-20,False,False
CNC,598,2024-01-02,2026-05-20,False,False
CNP,598,2024-01-02,2026-05-20,False,False
COF,598,2024-01-02,2026-05-20,False,False
COHR,598,2024-01-02,2026-05-20,False,False
COIN,598,2024-01-02,2026-05-20,False,False
COO,598,2024-01-02,2026-05-20,False,False
COP,598,2024-01-02,2026-05-20,False,False
COR,598,2024-01-02,2026-05-20,False,False
COST,598,2024-01-02,2026-05-20,False,False
CPAY,598,2024-01-02,2026-05-20,False,False
CPB,598,2024-01-02,2026-05-20,False,False
CPRT,598,2024-01-02,2026-05-20,False,False
CPT,598,2024-01-02,2026-05-20,False,False
CRH,598,2024-01-02,2026-05-20,False,False
CRL,598,2024-01-02,2026-05-20,False,False
CRM,598,2024-01-02,2026-05-20,False,False
CRWD,598,2024-01-02,2026-05-20,False,False
CSCO,598,2024-01-02,2026-05-20,False,False
CSGP,598,2024-01-02,2026-05-20,False,False
CSX,598,2024-01-02,2026-05-20,False,False
CTAS,598,2024-01-02,2026-05-20,False,False
CTSH,598,2024-01-02,2026-05-20,False,False
CTVA,598,2024-01-02,2026-05-20,False,False
CVNA,598,2024-01-02,2026-05-20,False,False
CVS,598,2024-01-02,2026-05-20,False,False
CVX,598,2024-01-02,2026-05-20,False,False
D,598,2024-01-02,2026-05-20,False,False
DAL,598,2024-01-02,2026-05-20,False,False
DASH,598,2024-01-02,2026-05-20,False,False
DD,598,2024-01-02,2026-05-20,False,False
DDOG,598,2024-01-02,2026-05-20,False,False
DE,598,2024-01-02,2026-05-20,False,False
DECK,598,2024-01-02,2026-05-20,False,False
DELL,598,2024-01-02,2026-05-20,False,False
DG,598,2024-01-02,2026-05-20,False,False
DGX,598,2024-01-02,2026-05-20,False,False
DHI,598,2024-01-02,2026-05-20,False,False
DHR,598,2024-01-02,2026-05-20,False,False
DIS,598,2024-01-02,2026-05-20,False,False
DLR,598,2024-01-02,2026-05-20,False,False
DLTR,598,2024-01-02,2026-05-20,False,False
DOC,598,2024-01-02,2026-05-20,False,False
DOV,598,2024-01-02,2026-05-20,False,False
DOW,598,2024-01-02,2026-05-20,False,False
DPZ,598,2024-01-02,2026-05-20,False,False
DRI,598,2024-01-02,2026-05-20,False,False
DTE,598,2024-01-02,2026-05-20,False,False
DUK,598,2024-01-02,2026-05-20,False,False
DVA,598,2024-01-02,2026-05-20,False,False
DVN,598,2024-01-02,2026-05-20,False,False
DXCM,598,2024-01-02,2026-05-20,False,False
EA,598,2024-01-02,2026-05-20,False,False
EBAY,598,2024-01-02,2026-05-20,False,False
ECL,598,2024-01-02,2026-05-20,False,False
ED,598,2024-01-02,2026-05-20,False,False
EFX,598,2024-01-02,2026-05-20,False,False
EG,598,2024-01-02,2026-05-20,False,False
EIX,598,2024-01-02,2026-05-20,False,False
EL,598,2024-01-02,2026-05-20,False,False
ELV,598,2024-01-02,2026-05-20,False,False
EME,598,2024-01-02,2026-05-20,False,False
EMR,598,2024-01-02,2026-05-20,False,False
EOG,598,2024-01-02,2026-05-20,False,False
EPAM,598,2024-01-02,2026-05-20,False,False
EQIX,598,2024-01-02,2026-05-20,False,False
EQR,598,2024-01-02,2026-05-20,False,False
EQT,598,2024-01-02,2026-05-20,False,False
ERIE,598,2024-01-02,2026-05-20,False,False
ES,598,2024-01-02,2026-05-20,False,False
ESS,598,2024-01-02,2026-05-20,False,False
ETN,598,2024-01-02,2026-05-20,False,False
ETR,598,2024-01-02,2026-05-20,False,False
EVRG,598,2024-01-02,2026-05-20,False,False
EW,598,2024-01-02,2026-05-20,False,False
EWA,759,2023-05-11,2026-05-20,False,False
EWC,759,2023-05-11,2026-05-20,False,False
EWG,759,2023-05-11,2026-05-20,False,False
EWH,759,2023-05-11,2026-05-20,False,False
EWJ,759,2023-05-11,2026-05-20,False,False
EWQ,759,2023-05-11,2026-05-20,False,False
EWT,759,2023-05-11,2026-05-20,False,False
EWU,759,2023-05-11,2026-05-20,False,False
EWZ,759,2023-05-11,2026-05-20,False,False
EXC,598,2024-01-02,2026-05-20,False,False
EXE,598,2024-01-02,2026-05-20,False,False
EXPD,598,2024-01-02,2026-05-20,False,False
EXPE,598,2024-01-02,2026-05-20,False,False
EXR,598,2024-01-02,2026-05-20,False,False
F,598,2024-01-02,2026-05-20,False,False
FANG,598,2024-01-02,2026-05-20,False,False
FAST,598,2024-01-02,2026-05-20,False,False
FCX,598,2024-01-02,2026-05-20,False,False
FDS,598,2024-01-02,2026-05-20,False,False
FDX,598,2024-01-02,2026-05-20,False,False
FE,598,2024-01-02,2026-05-20,False,False
FFIV,598,2024-01-02,2026-05-20,False,False
FICO,598,2024-01-02,2026-05-20,False,False
FIS,598,2024-01-02,2026-05-20,False,False
FISV,597,2024-01-02,2026-05-20,False,False
FITB,598,2024-01-02,2026-05-20,False,False
FIX,598,2024-01-02,2026-05-20,False,False
FOX,598,2024-01-02,2026-05-20,False,False
FOXA,598,2024-01-02,2026-05-20,False,False
FRT,598,2024-01-02,2026-05-20,False,False
FSLR,598,2024-01-02,2026-05-20,False,False
FTNT,598,2024-01-02,2026-05-20,False,False
FTV,598,2024-01-02,2026-05-20,False,False
GD,598,2024-01-02,2026-05-20,False,False
GDDY,598,2024-01-02,2026-05-20,False,False
GE,598,2024-01-02,2026-05-20,False,False
GEHC,598,2024-01-02,2026-05-20,False,False
GEN,598,2024-01-02,2026-05-20,False,False
GEV,539,2024-03-27,2026-05-20,False,False
GILD,598,2024-01-02,2026-05-20,False,False
GIS,598,2024-01-02,2026-05-20,False,False
GL,598,2024-01-02,2026-05-20,False,False
GLW,598,2024-01-02,2026-05-20,False,False
GM,598,2024-01-02,2026-05-20,False,False
GNRC,598,2024-01-02,2026-05-20,False,False
GOOG,598,2024-01-02,2026-05-20,False,False
GOOGL,598,2024-01-02,2026-05-20,False,False
GPC,598,2024-01-02,2026-05-20,False,False
GPN,598,2024-01-02,2026-05-20,False,False
GRMN,598,2024-01-02,2026-05-20,False,False
GS,598,2024-01-02,2026-05-20,False,False
GWW,598,2024-01-02,2026-05-20,False,False
HAL,598,2024-01-02,2026-05-20,False,False
HAS,598,2024-01-02,2026-05-20,False,False
HBAN,598,2024-01-02,2026-05-20,False,False
HCA,598,2024-01-02,2026-05-20,False,False
HD,598,2024-01-02,2026-05-20,False,False
HIG,598,2024-01-02,2026-05-20,False,False
HII,598,2024-01-02,2026-05-20,False,False
HLT,598,2024-01-02,2026-05-20,False,False
HON,598,2024-01-02,2026-05-20,False,False
HOOD,598,2024-01-02,2026-05-20,False,False
HPE,598,2024-01-02,2026-05-20,False,False
HPQ,598,2024-01-02,2026-05-20,False,False
HRL,598,2024-01-02,2026-05-20,False,False
HSIC,598,2024-01-02,2026-05-20,False,False
HST,598,2024-01-02,2026-05-20,False,False
HSY,598,2024-01-02,2026-05-20,False,False
HUBB,598,2024-01-02,2026-05-20,False,False
HUM,598,2024-01-02,2026-05-20,False,False
HWM,598,2024-01-02,2026-05-20,False,False
IBKR,598,2024-01-02,2026-05-20,False,False
IBM,598,2024-01-02,2026-05-20,False,False
ICE,598,2024-01-02,2026-05-20,False,False
IDXX,598,2024-01-02,2026-05-20,False,False
IEX,598,2024-01-02,2026-05-20,False,False
IFF,598,2024-01-02,2026-05-20,False,False
INCY,598,2024-01-02,2026-05-20,False,False
INDA,759,2023-05-11,2026-05-20,False,False
INTC,598,2024-01-02,2026-05-20,False,False
INTU,598,2024-01-02,2026-05-20,False,False
INVH,598,2024-01-02,2026-05-20,False,False
IP,598,2024-01-02,2026-05-20,False,False
IQV,598,2024-01-02,2026-05-20,False,False
IR,598,2024-01-02,2026-05-20,False,False
IRM,598,2024-01-02,2026-05-20,False,False
ISRG,598,2024-01-02,2026-05-20,False,False
IT,598,2024-01-02,2026-05-20,False,False
ITW,598,2024-01-02,2026-05-20,False,False
IVZ,598,2024-01-02,2026-05-20,False,False
IWM,759,2023-05-11,2026-05-20,False,False
J,598,2024-01-02,2026-05-20,False,False
JBHT,598,2024-01-02,2026-05-20,False,False
JBL,598,2024-01-02,2026-05-20,False,False
JCI,598,2024-01-02,2026-05-20,False,False
JKHY,598,2024-01-02,2026-05-20,False,False
JNJ,598,2024-01-02,2026-05-20,False,False
JPM,598,2024-01-02,2026-05-20,False,False
KDP,598,2024-01-02,2026-05-20,False,False
KEY,598,2024-01-02,2026-05-20,False,False
KEYS,598,2024-01-02,2026-05-20,False,False
KHC,598,2024-01-02,2026-05-20,False,False
KIM,598,2024-01-02,2026-05-20,False,False
KKR,598,2024-01-02,2026-05-20,False,False
KLAC,598,2024-01-02,2026-05-20,False,False
KMB,598,2024-01-02,2026-05-20,False,False
KMI,598,2024-01-02,2026-05-20,False,False
KO,598,2024-01-02,2026-05-20,False,False
KR,598,2024-01-02,2026-05-20,False,False
KVUE,598,2024-01-02,2026-05-20,False,False
L,598,2024-01-02,2026-05-20,False,False
LDOS,598,2024-01-02,2026-05-20,False,False
LEN,598,2024-01-02,2026-05-20,False,False
LH,598,2024-01-02,2026-05-20,False,False
LHX,598,2024-01-02,2026-05-20,False,False
LII,598,2024-01-02,2026-05-20,False,False
LIN,598,2024-01-02,2026-05-20,False,False
LITE,598,2024-01-02,2026-05-20,False,False
LLY,598,2024-01-02,2026-05-20,False,False
LMT,598,2024-01-02,2026-05-20,False,False
LNT,598,2024-01-02,2026-05-20,False,False
LOW,598,2024-01-02,2026-05-20,False,False
LRCX,598,2024-01-02,2026-05-20,False,False
LULU,598,2024-01-02,2026-05-20,False,False
LUV,598,2024-01-02,2026-05-20,False,False
LVS,598,2024-01-02,2026-05-20,False,False
LYB,598,2024-01-02,2026-05-20,False,False
LYV,598,2024-01-02,2026-05-20,False,False
MA,598,2024-01-02,2026-05-20,False,False
MAA,598,2024-01-02,2026-05-20,False,False
MAR,598,2024-01-02,2026-05-20,False,False
MAS,598,2024-01-02,2026-05-20,False,False
MCD,598,2024-01-02,2026-05-20,False,False
MCHI,759,2023-05-11,2026-05-20,False,False
MCHP,598,2024-01-02,2026-05-20,False,False
MCK,598,2024-01-02,2026-05-20,False,False
MCO,598,2024-01-02,2026-05-20,False,False
MDLZ,598,2024-01-02,2026-05-20,False,False
MDT,598,2024-01-02,2026-05-20,False,False
MET,598,2024-01-02,2026-05-20,False,False
META,598,2024-01-02,2026-05-20,False,False
MGM,598,2024-01-02,2026-05-20,False,False
MKC,598,2024-01-02,2026-05-20,False,False
MLM,598,2024-01-02,2026-05-20,False,False
MMM,598,2024-01-02,2026-05-20,False,False
MNST,598,2024-01-02,2026-05-20,False,False
MO,598,2024-01-02,2026-05-20,False,False
MOS,598,2024-01-02,2026-05-20,False,False
MPC,598,2024-01-02,2026-05-20,False,False
MPWR,598,2024-01-02,2026-05-20,False,False
MRK,598,2024-01-02,2026-05-20,False,False
MRNA,598,2024-01-02,2026-05-20,False,False
MRSH,598,2024-01-02,2026-05-20,False,False
MS,598,2024-01-02,2026-05-20,False,False
MSCI,598,2024-01-02,2026-05-20,False,False
MSFT,598,2024-01-02,2026-05-20,False,False
MSI,598,2024-01-02,2026-05-20,False,False
MTB,598,2024-01-02,2026-05-20,False,False
MTD,598,2024-01-02,2026-05-20,False,False
MU,598,2024-01-02,2026-05-20,False,False
NCLH,598,2024-01-02,2026-05-20,False,False
NDAQ,598,2024-01-02,2026-05-20,False,False
NDSN,598,2024-01-02,2026-05-20,False,False
NEE,598,2024-01-02,2026-05-20,False,False
NEM,598,2024-01-02,2026-05-20,False,False
NFLX,598,2024-01-02,2026-05-20,False,False
NI,598,2024-01-02,2026-05-20,False,False
NKE,598,2024-01-02,2026-05-20,False,False
NOC,598,2024-01-02,2026-05-20,False,False
NOW,598,2024-01-02,2026-05-20,False,False
NRG,598,2024-01-02,2026-05-20,False,False
NSC,598,2024-01-02,2026-05-20,False,False
NTAP,598,2024-01-02,2026-05-20,False,False
NTRS,598,2024-01-02,2026-05-20,False,False
NUE,598,2024-01-02,2026-05-20,False,False
NVDA,759,2023-05-11,2026-05-20,False,False
NVR,598,2024-01-02,2026-05-20,False,False
NWS,598,2024-01-02,2026-05-20,False,False
NWSA,598,2024-01-02,2026-05-20,False,False
NXPI,598,2024-01-02,2026-05-20,False,False
O,598,2024-01-02,2026-05-20,False,False
ODFL,598,2024-01-02,2026-05-20,False,False
OKE,598,2024-01-02,2026-05-20,False,False
OMC,598,2024-01-02,2026-05-20,False,False
ON,598,2024-01-02,2026-05-20,False,False
ORCL,598,2024-01-02,2026-05-20,False,False
ORLY,598,2024-01-02,2026-05-20,False,False
OTIS,598,2024-01-02,2026-05-20,False,False
OXY,598,2024-01-02,2026-05-20,False,False
PANW,598,2024-01-02,2026-05-20,False,False
PAYX,598,2024-01-02,2026-05-20,False,False
PCAR,598,2024-01-02,2026-05-20,False,False
PCG,598,2024-01-02,2026-05-20,False,False
PEG,598,2024-01-02,2026-05-20,False,False
PEP,598,2024-01-02,2026-05-20,False,False
PFE,598,2024-01-02,2026-05-20,False,False
PFG,598,2024-01-02,2026-05-20,False,False
PG,598,2024-01-02,2026-05-20,False,False
PGR,598,2024-01-02,2026-05-20,False,False
PH,598,2024-01-02,2026-05-20,False,False
PHM,598,2024-01-02,2026-05-20,False,False
PKG,598,2024-01-02,2026-05-20,False,False
PLD,598,2024-01-02,2026-05-20,False,False
PLTR,598,2024-01-02,2026-05-20,False,False
PM,598,2024-01-02,2026-05-20,False,False
PNC,598,2024-01-02,2026-05-20,False,False
PNR,598,2024-01-02,2026-05-20,False,False
PNW,598,2024-01-02,2026-05-20,False,False
PODD,598,2024-01-02,2026-05-20,False,False
POOL,598,2024-01-02,2026-05-20,False,False
PPG,598,2024-01-02,2026-05-20,False,False
PPL,598,2024-01-02,2026-05-20,False,False
PRU,598,2024-01-02,2026-05-20,False,False
PSA,598,2024-01-02,2026-05-20,False,False
PSKY,598,2024-01-02,2026-05-20,False,False
PSX,598,2024-01-02,2026-05-20,False,False
PTC,598,2024-01-02,2026-05-20,False,False
PWR,598,2024-01-02,2026-05-20,False,False
PYPL,598,2024-01-02,2026-05-20,False,False
Q,142,2025-10-27,2026-05-20,False,False
QCOM,598,2024-01-02,2026-05-20,False,False
QQQ,759,2023-05-11,2026-05-20,False,False
RCL,598,2024-01-02,2026-05-20,False,False
REG,598,2024-01-02,2026-05-20,False,False
REGN,598,2024-01-02,2026-05-20,False,False
RF,598,2024-01-02,2026-05-20,False,False
RJF,598,2024-01-02,2026-05-20,False,False
RL,598,2024-01-02,2026-05-20,False,False
RMD,598,2024-01-02,2026-05-20,False,False
ROK,598,2024-01-02,2026-05-20,False,False
ROL,598,2024-01-02,2026-05-20,False,False
ROP,598,2024-01-02,2026-05-20,False,False
ROST,598,2024-01-02,2026-05-20,False,False
RSG,598,2024-01-02,2026-05-20,False,False
RTX,598,2024-01-02,2026-05-20,False,False
RVTY,598,2024-01-02,2026-05-20,False,False
SATS,598,2024-01-02,2026-05-20,False,False
SBAC,598,2024-01-02,2026-05-20,False,False
SBUX,598,2024-01-02,2026-05-20,False,False
SCHW,598,2024-01-02,2026-05-20,False,False
SHW,598,2024-01-02,2026-05-20,False,False
SJM,598,2024-01-02,2026-05-20,False,False
SLB,598,2024-01-02,2026-05-20,False,False
SMCI,598,2024-01-02,2026-05-20,False,False
SNA,598,2024-01-02,2026-05-20,False,False
SNDK,318,2025-02-13,2026-05-20,False,False
SNPS,598,2024-01-02,2026-05-20,False,False
SO,598,2024-01-02,2026-05-20,False,False
SOLV,540,2024-03-26,2026-05-20,False,False
SPG,598,2024-01-02,2026-05-20,False,False
SPGI,598,2024-01-02,2026-05-20,False,False
SPY,759,2023-05-11,2026-05-20,False,False
SRE,598,2024-01-02,2026-05-20,False,False
STE,598,2024-01-02,2026-05-20,False,False
STLD,598,2024-01-02,2026-05-20,False,False
STT,598,2024-01-02,2026-05-20,False,False
STX,598,2024-01-02,2026-05-20,False,False
STZ,598,2024-01-02,2026-05-20,False,False
SW,598,2024-01-02,2026-05-20,False,False
SWK,598,2024-01-02,2026-05-20,False,False
SWKS,598,2024-01-02,2026-05-20,False,False
SYF,598,2024-01-02,2026-05-20,False,False
SYK,598,2024-01-02,2026-05-20,False,False
SYY,598,2024-01-02,2026-05-20,False,False
T,598,2024-01-02,2026-05-20,False,False
TAP,598,2024-01-02,2026-05-20,False,False
TDG,598,2024-01-02,2026-05-20,False,False
TDY,598,2024-01-02,2026-05-20,False,False
TECH,598,2024-01-02,2026-05-20,False,False
TEL,598,2024-01-02,2026-05-20,False,False
TER,598,2024-01-02,2026-05-20,False,False
TFC,598,2024-01-02,2026-05-20,False,False
TGT,598,2024-01-02,2026-05-20,False,False
TJX,598,2024-01-02,2026-05-20,False,False
TKO,598,2024-01-02,2026-05-20,False,False
TMO,598,2024-01-02,2026-05-20,False,False
TMUS,598,2024-01-02,2026-05-20,False,False
TPL,598,2024-01-02,2026-05-20,False,False
TPR,598,2024-01-02,2026-05-20,False,False
TRGP,598,2024-01-02,2026-05-20,False,False
TRMB,598,2024-01-02,2026-05-20,False,False
TROW,598,2024-01-02,2026-05-20,False,False
TRV,598,2024-01-02,2026-05-20,False,False
TSCO,598,2024-01-02,2026-05-20,False,False
TSLA,598,2024-01-02,2026-05-20,False,False
TSN,598,2024-01-02,2026-05-20,False,False
TT,598,2024-01-02,2026-05-20,False,False
TTD,598,2024-01-02,2026-05-20,False,False
TTWO,598,2024-01-02,2026-05-20,False,False
TXN,598,2024-01-02,2026-05-20,False,False
TXT,598,2024-01-02,2026-05-20,False,False
TYL,598,2024-01-02,2026-05-20,False,False
UAL,598,2024-01-02,2026-05-20,False,False
UBER,598,2024-01-02,2026-05-20,False,False
UDR,598,2024-01-02,2026-05-20,False,False
UHS,598,2024-01-02,2026-05-20,False,False
ULTA,598,2024-01-02,2026-05-20,False,False
UNH,598,2024-01-02,2026-05-20,False,False
UNP,598,2024-01-02,2026-05-20,False,False
UPS,598,2024-01-02,2026-05-20,False,False
URI,598,2024-01-02,2026-05-20,False,False
USB,598,2024-01-02,2026-05-20,False,False
V,598,2024-01-02,2026-05-20,False,False
VEEV,598,2024-01-02,2026-05-20,False,False
VGK,759,2023-05-11,2026-05-20,False,False
VICI,598,2024-01-02,2026-05-20,False,False
VLO,598,2024-01-02,2026-05-20,False,False
VLTO,598,2024-01-02,2026-05-20,False,False
VMC,598,2024-01-02,2026-05-20,False,False
VRSK,598,2024-01-02,2026-05-20,False,False
VRSN,598,2024-01-02,2026-05-20,False,False
VRT,598,2024-01-02,2026-05-20,False,False
VRTX,598,2024-01-02,2026-05-20,False,False
VST,598,2024-01-02,2026-05-20,False,False
VTR,598,2024-01-02,2026-05-20,False,False
VTRS,598,2024-01-02,2026-05-20,False,False
VZ,598,2024-01-02,2026-05-20,False,False
WAB,598,2024-01-02,2026-05-20,False,False
WAT,598,2024-01-02,2026-05-20,False,False
WBD,598,2024-01-02,2026-05-20,False,False
WDAY,598,2024-01-02,2026-05-20,False,False
WDC,598,2024-01-02,2026-05-20,False,False
WEC,598,2024-01-02,2026-05-20,False,False
WELL,598,2024-01-02,2026-05-20,False,False
WFC,598,2024-01-02,2026-05-20,False,False
WM,598,2024-01-02,2026-05-20,False,False
WMB,598,2024-01-02,2026-05-20,False,False
WMT,598,2024-01-02,2026-05-20,False,False
WRB,598,2024-01-02,2026-05-20,False,False
WSM,598,2024-01-02,2026-05-20,False,False
WST,598,2024-01-02,2026-05-20,False,False
WTW,598,2024-01-02,2026-05-20,False,False
WY,598,2024-01-02,2026-05-20,False,False
WYNN,598,2024-01-02,2026-05-20,False,False
XEL,598,2024-01-02,2026-05-20,False,False
XOM,598,2024-01-02,2026-05-20,False,False
XYL,598,2024-01-02,2026-05-20,False,False
XYZ,598,2024-01-02,2026-05-20,False,False
YUM,598,2024-01-02,2026-05-20,False,False
ZBH,598,2024-01-02,2026-05-20,False,False
ZBRA,598,2024-01-02,2026-05-20,False,False
ZTS,598,2024-01-02,2026-05-20,False,False
_KQ11,737,2023-05-11,2026-05-21,False,False
_KS11,737,2023-05-11,2026-05-21,False,False
